lake,site,elevation,trout,date,trial,survey,time,interction_ID,QR_code,order,insect_fieldID,plant_ID,collected,notes,insect_labID
S1A,SEKI,3355,absent,30-Jul-18,1,walking,9:05,AC1,12665,Diptera,fly,Perideridia parishii,Y,,
S1A,SEKI,3355,absent,30-Jul-18,1,walking,9:09,AC2,12639,Diptera,fly,Perideridia parishii,Y,,
S1A,SEKI,3355,absent,30-Jul-18,2,walking,11:06,AC3,12514,Lepidoptera,moth,Solidago multiradiata,Y,,
S1A,SEKI,3355,absent,30-Jul-18,2,walking,11:10,AC4,12618,Hymenoptera,black bee,Perideridia parishii,Y,,
S1A,SEKI,3355,absent,30-Jul-18,3,walking,13:12,JM1,12560,Diptera,fly,Perideridia parishii,Y,,
S1A,SEKI,3355,absent,30-Jul-18,3,walking,13:20,JM2,12706,Diptera,fly,Oreostemma alpigenum,Y,,
S1A,SEKI,3355,absent,30-Jul-18,3,walking,13:25,NA,NA,Diptera,fly,Perideridia parishii,N,,
S1A,SEKI,3355,absent,30-Jul-18,4,walking,15:03,NA,NA,,NA,Perideridia parishii,N,,
S1A,SEKI,3355,absent,30-Jul-18,4,walking,15:07,JS1,12767,,NA,Perideridia parishii,Y,,
S1A,SEKI,3355,absent,30-Jul-18,4,walking,15:08,NA,NA,Diptera,fly,Perideridia parishii,N,,
S1A,SEKI,3355,absent,30-Jul-18,4,walking,15:09,NA,NA,Diptera,fly,Soledago multiradiata,N,,
S1A,SEKI,3355,absent,30-Jul-18,5,walking,16:59,JM3,12793,Hymenoptera,bee,Senecio integerrimus,Y,,
S1A,SEKI,3355,absent,30-Jul-18,5,walking,17:06,NA,NA,Diptera,fly,Solidago multiradiata,N,,
S1A,SEKI,3355,absent,30-Jul-18,5,walking,17:14,NA,NA,Diptera,fly,Perideridia parishii,N,,
S1P,SEKI,3306,present,30-Jul-18,1,walking,8:58,JB1,12799,Diptera,midge or fly,Periderideri bolanderi,Y,"JB walking, collected many insects and only midge and fly varieties in there,  not sure which was on flower",
S1P,SEKI,3306,present,30-Jul-18,1,walking,9:07,JB2,12506,Diptera,large fly,Periderideri bolanderi,Y,JB walking,
S1P,SEKI,3306,present,30-Jul-18,1,walking,9:11,JB3,12696,Diptera,medium fly,Periderideri bolanderi,Y,"JB walking, turn around at 9:14",
S1P,SEKI,3306,present,30-Jul-18,1,walking,9:17,JB4,NA,Diptera,large fly,Periderideri bolanderi,Y,JB walking,
S1P,SEKI,3306,present,30-Jul-18,2,walking,11:06,ML1,NA,Hymenoptera,green metallic bee,Oreostemma alpigenum,N,"ML walking 2, may have escaped vial",
S1P,SEKI,3306,present,30-Jul-18,2,walking,11:08,ML2,12589,Hymenoptera,beetle,Periderideri bolanderi,Y,ML walking 2 ,
S1P,SEKI,3306,present,30-Jul-18,3,walking,13:10,NA,NA,Hymenoptera,bumble bee,NA,N,bumble bee observed on Solidago and Orostemma  by ML,
S1P,SEKI,3306,present,30-Jul-18,3,walking,13:00,AV1,12733,Diptera,fly,Periderideri bolanderi,Y,"AV walking 3 , fly + midge in kill jar . only fly was pollinating",
S1P,SEKI,3306,present,30-Jul-18,3,walking,13:06,AV2,12751,Diptera,fly,Periderideri bolanderi,Y, AV walking 3,
S1P,SEKI,3306,present,30-Jul-18,3,walking,13:07,NA,NA,Hymenoptera,bee,Oreostemma alpigenum,N,AV walking 3,
S1P,SEKI,3306,present,30-Jul-18,3,walking,13:15,AV3,12827,Diptera,fly,Periderideri bolanderi,Y,AV walking 3,
S1P,SEKI,3306,present,30-Jul-18,4,walking,15:05,ML3,12825,Diptera,2 flies,Periderideri bolanderi,Y,ML walking 4,
S1P,SEKI,3306,present,30-Jul-18,4,walking,15:13,ML4,1324,Hymenoptera,bumble bee,Senecio scorzonella,Y,"ML walking 4, off transect",Apidae
S1P,SEKI,3306,present,30-Jul-18,5,walking,17:04,ML5,12674,Error,"fly, and bee",Periderideri bolanderi,Y,ML walking 5,
S2A,SEKI,3353,absent,18-Jul-18,1,walking,11:01,M1,12804,Diptera,fly,Aster alpigenus,Y,ML and AvW walking transect,
S2A,SEKI,3353,absent,18-Jul-18,1,walking,11:05,M2,12742,Diptera,fly,Aster alpigenus,Y,ML and AvW walking transect,
S2A,SEKI,3353,absent,18-Jul-18,1,walking,11:08,M3,NA,Hymenoptera,bee,Aster alpigenus,N,ML and AvW walking transect,
S2A,SEKI,3353,absent,18-Jul-18,1,walking,11:10,M4,12592,Diptera,fly,Potentilla drummondii,Y,ML and AvW walking transect,
S2A,SEKI,3353,absent,18-Jul-18,1,walking,11:16,M5,12562,Diptera,fly,Aster alpigenus,Y,ML and AvW walking transect,
S2A,SEKI,3353,absent,18-Jul-18,2,walking,13:09,M6,12811,Diptera,fly,Aster alpigenus,Y,ML walking transect,
S2A,SEKI,3353,absent,18-Jul-18,2,walking,13:12,M7,12723,Diptera,fly,Aster alpigenus,Y,ML walking transect,
S2A,SEKI,3353,absent,18-Jul-18,2,walking,13:17,M8,12725,Diptera,fly,Aster alpigenus,Y,ML walking transect,
S2A,SEKI,3353,absent,18-Jul-18,2,walking,13:20,M9,12700,Diptera,fly,Aster alpigenus and one from Chaenactis Nevadensis,Y,ML walking transect ( 4 flies),
S2A,SEKI,3353,absent,24-Aug-18,1,walking,10:44,ML1,NA,Hymenoptera,bumble,Gentiana newberryi,N,"had orange on body, same as 12614",
S2A,SEKI,3353,absent,24-Aug-18,1,walking,10:53,ML2,12614,Hymenoptera,bumble,Gentiana newberryi,Y,,
S2A,SEKI,3353,absent,24-Aug-18,2,walking,11:00,NA,NA,,NA,NA,NA,no interactions observed,
S2A,SEKI,3353,absent,24-Aug-18,3,walking,11:30,NA,NA,,NA,NA,NA,no interactions observed,
S2A,SEKI,3353,absent,24-Aug-18,4,walking,12:14,ML3,12711,Hymenoptera,bumble,Gentiana newberryi,Y,,
S2P,SEKI,3279,present,19-Jul-18,1,walking,11:07,J1,12507,Diptera,midge,sppC,Y,ML and JB walking transect,
S2P,SEKI,3279,present,19-Jul-18,1,walking,11:16,M1,12535,Diptera,tiny fly,sppC,Y,"ML and JB walking transect, caught but smushed",
S2P,SEKI,3279,present,19-Jul-18,1,walking,11:18,M2,NA,,no ID,Aster alpigenus,N,ML and JB walking transect,
S2P,SEKI,3279,present,19-Jul-18,1,walking,11:19,J2,12816,Diptera,midge,sppC,Y,ML and JB walking transect,
S2P,SEKI,3279,present,19-Jul-18,1,walking,11:20,M3,12774,Diptera,big fly,Aster alpigenus,Y,ML and JB walking transect,
S2P,SEKI,3279,present,19-Jul-18,1,walking,11:25,M4,NA,Hymenoptera,bumble bee,Pedicularis attollens and Aster alpigenus,N,ML and JB walking transect,
S2P,SEKI,3279,present,19-Jul-18,2,walking,14:43,M5,NA,Diptera,midge,Aster alpigenus,N,ML walking transect,
S2P,SEKI,3279,present,19-Jul-18,2,walking,14:45,M6,12619,Hymenoptera,wasp,Aster alpigenus,Y,ML walking transect,
S2P,SEKI,3279,present,19-Jul-18,2,walking,14:48,M7,12494,Diptera,fly,Aster alpigenus,Y,ML walking transect,
S2P,SEKI,3279,present,23-Aug-18,1,walking,10:32,ML1,NA,Hymenoptera,bumble,Gentiana newberryi,N,,
S2P,SEKI,3279,present,23-Aug-18,1,walking,10:37,ML2,NA,Hymenoptera,"small black bee, shiny",Gentiana newberryi,N,,
S2P,SEKI,3279,present,23-Aug-18,2,walking,11:00,ML3,12691,Hymenoptera,bumble,Gentiana newberryi,Y,,
S2P,SEKI,3279,present,23-Aug-18,2,walking,11:03,ML4,12604,Hymenoptera,small bee,Gentiana newberryi,Y,,
S2P,SEKI,3279,present,23-Aug-18,2,walking,11:07,ML5,NA,Diptera,small long fly,Perideridia parishii,N,,
S2P,SEKI,3279,present,23-Aug-18,2,walking,11:10,ML6,12836,Hymenoptera,small bee,Oreostemma alpigenum,Y,,
S2P,SEKI,3279,present,23-Aug-18,2,walking,11:13,ML7,NA,Diptera,hoverfly,Gentiana newberryi,N,ants observed on Gentiana,
S2P,SEKI,3279,present,23-Aug-18,2,walking,11:13,ML8,12481,Diptera,fly,Gentiana newberryi,Y,,
S2P,SEKI,3279,present,23-Aug-18,2,walking,11:17,ML9,NA,Diptera,fly,Perideridia parishii,N,,
S2P,SEKI,3279,present,23-Aug-18,3,walking,11:32,ML10,NA,Diptera,fly,Perideridia parishii,N,,
S2P,SEKI,3279,present,23-Aug-18,4,walking,12:05,ML11,NA,Hymenoptera,small black bee,Oreostemma alpigenum,N,,
S2P,SEKI,3279,present,23-Aug-18,4,walking,12:05,ML12,NA,Hymenoptera,small black bee,Oreostemma alpigenum,N,,
S2P,SEKI,3279,present,23-Aug-18,4,walking,12:12,ML13,12699,Hymenoptera,bee,Gentiana newberryi,Y,,
S2P,SEKI,3279,present,23-Aug-18,4,walking,12:16,ML14,12627,Diptera,fly,Perideridia parishii,Y,,
S3A,SEKI,3416,absent,21-Jul-18,1,walking,11:22,NA,NA,,NA,NA,NA,JM and AC walking transect,
S3A,SEKI,3416,absent,21-Jul-18,2,walking,12:12,M1,NA,Hymenoptera,bumble bee,Arnica mollis,N,ML walking transect,
S3A,SEKI,3416,absent,21-Jul-18,2,walking,12:19,M2,12525,Diptera,fly,Potentilla drummondii,Y,ML walking transect,
S3A,SEKI,3416,absent,21-Jul-18,2,walking,12:24,M3,12839,Hymenoptera,bee,Penstemon heterodoxus,Y,ML walking transect,Halictidae
S3A,SEKI,3416,absent,24-Aug-18,1,walking,14:31,ML4,12813,Diptera,small fly,Perideridia parishii,Y,,
S3A,SEKI,3416,absent,24-Aug-18,1,walking,14:39,ML5,12712,Diptera,fly,Gentiana newberryi,Y,,
S3A,SEKI,3416,absent,24-Aug-18,1,walking,14:39,ML6,12787,Hymenoptera,bumble,Gentiana newberryi,Y,,
S3A,SEKI,3416,absent,24-Aug-18,1,walking,14:49,ML7,12789,Hymenoptera,bee,Soledago sp. ,Y,,
S3A,SEKI,3416,absent,24-Aug-18,2,walking,15:03,ML8,12631,Hymenoptera,bumble,Gentiana newberryi,Y,,
S3A,SEKI,3416,absent,24-Aug-18,3,walking,15:32,ML9,12568,Hymenoptera,bumble,Gentiana newberryi,Y,,
S3A,SEKI,3416,absent,24-Aug-18,4,walking,16:00,NA,NA,NA,NA,NA,NA,no interactions observed,
S3P,SEKI,3254,present,20-Jul-18,1,walking,10:22,AC1,12569,Lepidoptera,moth?,Oreostemma alpigenum,Y,JM and AC walking transect,Trichoptera
S3P,SEKI,3254,present,20-Jul-18,1,walking,10:26,JM1,NA,Lepidoptera,moth,Oreostemma alpigenum,N,JM and AC walking transect,
S3P,SEKI,3254,present,20-Jul-18,1,walking,10:27,JM2,NA,Lepidoptera,moth,Orestemma alpigenum,N,JM and AC walking transect,
S3P,SEKI,3254,present,20-Jul-18,1,walking,10:29,JM3,1336,Diptera,fly,Oreostemma alpigenum,Y,"JM and AC walking transect, only one seen on flower, 2 identical caught in jar",
S3P,SEKI,3254,present,20-Jul-18,1,walking,10:35,JM4,NA,Lepidoptera,caterpillar,Oreostemma alpigenum,N,"left on flower, see pic, munching on petals",
S3P,SEKI,3254,present,20-Jul-18,2,walking,11:33,JS0,NA,Lepidoptera,moth,Solidaga multiradiata,N,JS walking transect,
S3P,SEKI,3254,present,20-Jul-18,2,walking,11:40,JS1,12588,Diptera,small fly,Gilia capitata,Y,JS walking transect,
S3P,SEKI,3254,present,20-Jul-18,2,walking,11:40,JS2,12687,Diptera,fly,Gilia capitata,Y,JS walking transect,
S3P,SEKI,3254,present,20-Jul-18,2,walking,11:47,JS3,12698,Diptera,small fly,Gilia capitata,Y,"JS walking transect, turned around at 11:45",
S3P,SEKI,3254,present,20-Jul-18,2,walking,11:47,JS4,12708,Diptera,small fly,Gilia capitata,Y,JS walking transect,
S3P,SEKI,3254,present,20-Jul-18,2,walking,11:47,JS5,12756,Diptera,fly,Gilia capitata,Y,JS walking transect,
S3P,SEKI,3254,present,23-Aug-18,1,walking,14:41,ML15,12796,Diptera,fly,Perideridia parishii,Y,,
S3P,SEKI,3254,present,23-Aug-18,2,walking,15:07,ML16,12635,Diptera,hoverfly,Oreostemma alpigenum,Y,,
S3P,SEKI,3254,present,23-Aug-18,3,walking,15:30,NA,NA,NA,NA,NA,NA,no interactions observed,
S3P,SEKI,3254,present,23-Aug-18,4,walking,16:00,NA,NA,NA,NA,NA,NA,no interactions observed,
S4A,SEKI,3295,absent,28-Jul-18,1,walking,9:57,M1,12493,Hymenoptera,tiny bee,Oreostemma alpigenum,Y (2),"ML walking 1, 5 seen on different flowers",
S4A,SEKI,3295,absent,28-Jul-18,1,walking,9:58,M2,12762,Hymenoptera,tiny bee,Oreostemma alpigenum,Y,ML walking 1  5 seen on different flowers,
S4A,SEKI,3295,absent,28-Jul-18,1,walking,10:03,M3,12505,Coleoptera,beetle,Oreostemma alpigenum,Y,ML walking 1,
S4A,SEKI,3295,absent,28-Jul-18,2,walking,12:04,M4,12663,Diptera,fly(metallic),Oreostemma alpigenum,Y,ML walking 2,
S4A,SEKI,3295,absent,28-Jul-18,2,walking,12:07,M5,12512,Hymenoptera,bee,Oreostemma alpigenum,Y,ML walking 2,
S4A,SEKI,3295,absent,28-Jul-18,2,walking,12:09,M6,12823,Diptera,hoverfly,Oreostemma alpigenum,Y,ML walking 2,
S4A,SEKI,3295,absent,28-Jul-18,3,walking,14:04,AV1,12612,Hymenoptera,bee,Oreostemma alpigenum,Y,AV walking 3,Andrenidae
S4A,SEKI,3295,absent,28-Jul-18,3,walking,14:11,AV2,NA,Diptera,fly,Oreostemma alpigenum,Y,"AVW walking 3, accidently released by ML",
S4A,SEKI,3295,absent,28-Jul-18,3,walking,14:20,AV3,12791,Diptera,fly,Mimulus primuloidies,Y,AVW walking 3 ,
S4A,SEKI,3295,absent,28-Jul-18,3,walking,14:25,AV4,NA,Lepidoptera,moth,Oreostemma alpigenum,N,AVW walking 3,
S4A,SEKI,3295,absent,28-Jul-18,3,walking,14:25,AV5,12498,Lepidoptera,moth,Solidago multiradiata,Y,AVW walking 3,
S4A,SEKI,3295,absent,28-Jul-18,4,walking,16:05,AV6,12657,Hymenoptera,bumble bee,Oreostemma alpigenum,Y,AVW walking 4,Apidae
S4A,SEKI,3295,absent,28-Jul-18,4,walking,16:10,NA,NA,Diptera,fly,Oreostemma alpigenum,N,was leaving flower when noticed,
S4A,SEKI,3295,absent,28-Jul-18,4,walking,16:14,AV7,12517,Diptera,hoverfly,Oreostemma alpigenum,Y,AVW walking 4,Diptera
S4A,SEKI,3295,absent,25-Aug-18,3,walking,12:40,ML2,NA,Diptera,fly,Perideridia parishii,N,,
S4A,SEKI,3295,absent,25-Aug-18,4,walking,13:38,ML3,12802,Diptera,fly,Perideridia parishii,Y,,
S4A,SEKI,3295,absent,25-Aug-18,5,walking,14:38,ML4,12528,Hymenoptera,bee,Oreostemma alpigenum,Y,,
S4P,SEKI,3295,present,28-Jul-18,1,walking,9:58,JS1,12519,Diptera,small fly,Oreostemma alpigenum,Y,JS walking 1,
S4P,SEKI,3295,present,28-Jul-18,1,walking,10:04,JS2,12770,Coleoptera,small beetle,Penstemon heterodoxus,Y,JS walking 1,
S4P,SEKI,3295,present,28-Jul-18,2,walking,11:25,JS3,12744,Lepidoptera,small moth,Oreostemma alpigenum,Y,,
S4P,SEKI,3295,present,28-Jul-18,2,walking,11:28,JS4,12810,Coleoptera,small beetle,Penstemon heterodoxus,Y,,
S4P,SEKI,3295,present,28-Jul-18,3,walking,13:00,NA,NA,Coleoptera,small beetle,Oreostemma alpigenum,N,,
S4P,SEKI,3295,present,28-Jul-18,3,walking,13:04,JS5,12625,Coleoptera,small beetle,Oreostemma alpigenum,Y,,
S4P,SEKI,3295,present,28-Jul-18,3,walking,13:06,JS6,12550,Coleoptera,small beetle,Penstemon heterodoxus,Y,3 collected,
S4P,SEKI,3295,present,28-Jul-18,4,walking,14:59,NA,NA,,NA,NA,NA,,
S4P,SEKI,3295,present,28-Jul-18,5,walking,17:10,NA,NA,Diptera,small fly,Oreostemma alpigenum,N,,
S4P,SEKI,3295,present,25-Aug-18,1,walking,10:30,NA,NA,,NA,NA,NA,no interactions observed ,
S4P,SEKI,3295,present,25-Aug-18,2,walking,11:40,ML1,NA,Hymenoptera,long bee,Oreostemma alpigenum,N,,
S4P,SEKI,3295,present,25-Aug-18,6,walking,15:30,ML5,12735,Hymenoptera,bumble,Gentiana newberryi,Y,,
Y1A,YOSE,3505,absent,8-Jul-18,1,walking,10:28,1,12761,Hymenoptera,bee,Kalmia polifolia,Y,ML,Halictidae
Y1A,YOSE,3505,absent,8-Jul-18,2,walking,12:35,2,12758,Hymenoptera,wasp?,Chaenaetis nevadensis,Y,ants on everything,Trichoptera
Y1A,YOSE,3505,absent,8-Jul-18,2,walking,12:40,3,NA,,no id,Kalmia polifolia,N,ML,
Y1A,YOSE,3505,absent,8-Jul-18,2,walking,12:42,4,12632,Hymenoptera,bee,Chaenaetis nevadensis,Y,ML,
Y1A,YOSE,3505,absent,8-Jul-18,2,walking,12:46,5,NA,Hymenoptera,bee,Kalmia polifolia,N,ML,
Y1A,YOSE,3505,absent,8-Jul-18,3,sitting,13:25,6,NA,Hymenoptera,"wasp, black body red legs",Ivesia lycopodioides ssp. Lycopodioides,N,"ML and AC across lake, 1x2 m 48 flo of Ivesia, 43 Chaneaetis nevadensis (just ants observed) ",
Y1A,YOSE,3505,absent,8-Jul-18,3,sitting,13:28,7,12558,Hymenoptera,Bee,Ivesia lycopodioides ssp. Lycopodioides,Y,"ML and AC across lake, 1x2 m 48 flo of Ivesia, 43 Chaneaetis nevadensis (just ants observed) ",
Y1A,YOSE,3505,absent,8-Jul-18,3,sitting,13:20,8,NA,,NA,Ivesia lycopodioides ssp. Lycopodioides,N,"ML and AC across lake, 1x2 m 48 flo of Ivesia, 43 Chaneaetis nevadensis (just ants observed) ",
Y1A,YOSE,3505,absent,8-Jul-18,3,sitting,13:30,9,12794,,NA,Ivesia lycopodioides ssp. Lycopodioides,Y,"ML and AC across lake, 1x2 m 48 flo of Ivesia, 43 Chaneaetis nevadensis (just ants observed) ",
Y1A,YOSE,3505,absent,8-Jul-18,3,sitting,13:33,10,NA,Coleoptera,beetle,Ivesia lycopodioides ssp. Lycopodioides,N,"ML and AC across lake, 1x2 m 48 flo of Ivesia, 43 Chaneaetis nevadensis (just ants observed) ",
Y1A,YOSE,3505,absent,8-Jul-18,4,sitting,13:34,11,NA,Diptera,two small flies,Ivesia lycopodioides ssp. Lycopodioides,N,"ML and AC across lake, 1x2 m 48 flo of Ivesia, 43 Chaneaetis nevadensis (just ants observed) ",
Y1A,YOSE,3505,absent,8-Jul-18,4,sitting,13:43,12,12551,,NA,Ivesia lycopodioides ssp. Lycopodioides,Y,"ML and AC across lake, 1x2 m 48 flo of Ivesia, 43 Chaneaetis nevadensis (just ants observed) ",
Y1A,YOSE,3505,absent,8-Jul-18,5,walking,14:50,NA,NA,Diptera,midge,NA,NA, ML nothing observed due to strong winds,
Y1A,YOSE,3505,absent,8-Jul-18,6,walking,15:50,NA,NA,Coleoptera,beetle,NA,NA, ML nothing observed due to strong winds,
Y1A,YOSE,3505,absent,9-Jul-18,1,walking,10:24,1,12499,Hymenoptera,bee,Chaenaetis nevadensis,Y,ML,
Y1A,YOSE,3505,absent,9-Jul-18,1,walking,10:26,2,NA,Lepidoptera,moth,Chaenaetis nevadensis,N,ML,
Y1A,YOSE,3505,absent,9-Jul-18,2,sitting,11:00,NA,NA,,NA,Kalmia polifolia,NA,"AC, 58 flo, 1x1m ",
Y1A,YOSE,3505,absent,9-Jul-18,3,sitting,11:00,AW1,12549,,NA,Chaenaetis nevadensis,Y,"AV, 121 flo, 53 inflo, 0.5x0.5 m",
Y1A,YOSE,3505,absent,9-Jul-18,4,walking,11:52,3,12697,Lepidoptera,moth (collected before),Chaenaetis nevadensis,Y,ML,
Y1A,YOSE,3505,absent,9-Jul-18,4,walking,11:52,4,NA,,NA,Kalmia polifolia,N,ML,
Y1A,YOSE,3505,absent,9-Jul-18,5,sitting,13:28,Aw2,12721,Hymenoptera,bee,Chaenaetis nevadensis,Y,"AV, 26 inflo, 12 Kalmia flo, 1x1m ",Trichoptera
Y1A,YOSE,3505,absent,9-Jul-18,6,sitting,13:25,NA,NA,Diptera,hover fly,NA,NA,"AC, 39 Kalmia, 1x1m ",
Y1A,YOSE,3505,absent,9-Jul-18,7,sitting,13:30,Na,NA,Lepidoptera,moth,NA,NA,"ML, 38 Kalmia, 1x1m ",
Y1A,YOSE,3505,absent,9-Jul-18,8,walking,14:03,5,NA,,NA,Chaenaetis nevadensis,N,"ML, nothing else obsevred",
Y1A,YOSE,3505,absent,9-Jul-18,9,sitting,14:03,NA,NA,Diptera,fly,NA,NA,"AV, 38 Kalmia, 1x1m ",
Y1A,YOSE,3505,absent,9-Jul-18,10,sitting,14:03,AC1,12491,,,Chaenaetis nevadensis,Y,"AC, 64 inflo, 1x1m ",
Y1A,YOSE,3505,absent,9-Jul-18,10,sitting,14:08,Ac2,12673,,,Chaenaetis nevadensis,Y,"AC, 65 inflo, 1x1m ",
Y1A,YOSE,3505,absent,9-Jul-18,11,walking,16:06,M6,12603,,,Chaenaetis nevadensis,Y,ML walking,Trichoptera
Y1A,YOSE,3505,absent,9-Jul-18,12,sitting,16:17,NA,NA,,,NA,NA,"AV, 74 inflo Chaenaetis nevadensis",
Y1A,YOSE,3505,absent,9-Jul-18,13,sitting,16:26,AC3,12611,,,Kalmia polifolia,Y,"AC, 33 flo, 0.5x0.5 m",
Y1P,YOSE,3395,present,10-Jul-18,1,Walking,9:27,NA,NA,,NA,NA,NA,"JS, no interations",
Y1P,YOSE,3395,present,10-Jul-18,2,walking,11:00,1,NA,Diptera,fly,Salix arctica,N,"JS, mostly ants",
Y1P,YOSE,3395,present,10-Jul-18,3,walking,11:55,NA,NA,,NA,NA,NA,JS,
Y1P,YOSE,3395,present,10-Jul-18,4,sitting,13:10,J1,12707,Diptera,small fly,Ivesia lycopodioides ssp. Lycopodioides,Y,"JS, 132 flo, 1.5x1 m",
Y1P,YOSE,3395,present,10-Jul-18,4,sitting,13:12,2,NA,Hymenoptera,small bee,Ivesia lycopodioides ssp. Lycopodioides,N,"JS, 133 flo, 1.5x1 m",
Y1P,YOSE,3395,present,10-Jul-18,5,walking,14:51,J2,12713,Diptera,small fly,Ivesia lycopodioides ssp. Lycopodioides,Y,JS,
Y1P,YOSE,3395,present,10-Jul-18,5,walking,15:00,3,NA,Diptera,fly,Chaenaetis nevadensis,N,"JS, turned around at 9:02 active time",
Y1P,YOSE,3395,present,10-Jul-18,6,walking,16:05,M1,12675,Diptera,fly,Phyllodoce breweri,Y,"ML, lots of ant activity",
Y1P,YOSE,3395,present,10-Jul-18,7,sitting,16:20,NA,NA,,NA,NA,NA,"ML, 34 lycopoid flowers, 27 Phyllodoce breweri, 82 mountian bells, 0.5x0.5 m  (off transect)",
Y1P,YOSE,3395,present,10-Jul-18,8,sitting,16:39,M2,12655,Diptera,fly,Ivesia lycopodioides ssp. Lycopodioides,Y,"ML, 74 flowers 1x1m ",
Y1P,YOSE,3395,present,10-Jul-18,8,sitting,16:39,M3,NA,Hymenoptera,bee,Ivesia lycopodioides ssp. Lycopodioides,N,"ML, 74 flowers 1x1m ",
Y1P,YOSE,3395,present,10-Jul-18,8,sitting,16:43,M4,12680,Hymenoptera,bee,Ivesia lycopodioides ssp. Lycopodioides,Y,"ML, 74 flowers 1x1m ",Andrenidae
Y1P,YOSE,3395,present,10-Jul-18,8,sitting,16:47,M5,12739,Coleoptera,lady beetle (6spots),Ivesia lycopodioides ssp. Lycopodioides,Y,"ML, 74 flowers 1x1m ",
Y1P,YOSE,3395,present,10-Jul-18,8,sitting,16:49,M6,12686,Diptera,hoverfly,Ivesia lycopodioides ssp. Lycopodioides,Y,"ML, 74 flowers 1x1m ",
Y1P,YOSE,3395,present,11-Jul-18,1,walking,10:07,NA,NA,,NA,NA,NA,"ML, only ants observed",
Y1P,YOSE,3395,present,11-Jul-18,2,walking,12:02,NA,NA,,NA,NA,NA,"ML, only ants observed",
Y1P,YOSE,3395,present,11-Jul-18,3,sitting,12:17,M7,12540,Diptera,fly,Ivesia lycopodioides ssp. Lycopodioides,Y,"ML, 77 Ivesia flowers, 1 Kalmia, 3 aster stalk inflo",
Y1P,YOSE,3395,present,11-Jul-18,3,sitting,12:19,M8,NA,Diptera,fly,Ivesia lycopodioides ssp. Lycopodioides,N,"ML, 77 Ivesia flowers, 1 Kalmia, 3 aster stalk inflo",
Y1P,YOSE,3395,present,11-Jul-18,3,sitting,12:24,M9,NA,Diptera,fly,Ivesia lycopodioides ssp. Lycopodioides,N,"ML, 77 Ivesia flowers, 1 Kalmia, 3 aster stalk inflo",
Y1P,YOSE,3395,present,11-Jul-18,3,sitting,12:26,M10,12636,Coleoptera,beetle,Ivesia lycopodioides ssp. Lycopodioides,Y,"ML, 77 Ivesia flowers, 1 Kalmia, 3 aster stalk inflo",
Y1P,YOSE,3395,present,11-Jul-18,4,sitting,12:37,M11,12795,Diptera,fly,Phyllodoce breweri,Y,"ML, 5:30 sitting trial cut short for rain, 139 Phyllodoce flowers, 0.5x0.5 m, 3m from transect",
Y1P,YOSE,3395,present,11-Jul-18,4,sitting,12:43,M12,12834,Diptera,fly,Phyllodoce breweri,Y,"ML, 5:30 sitting trial cut short for rain, 139 Phyllodoce flowers, 0.5x0.5 m, 3m from transect",
Y1P,YOSE,3395,present,11-Jul-18,4,sitting,12:46,M13,12820,Diptera,2 flies,Phyllodoce breweri,Y,"ML, 5:30 sitting trial cut short for rain, 139 Phyllodoce flowers, 0.5x0.5 m, 3m from transect",
Y1P,YOSE,3395,present,11-Jul-18,4,sitting,12:46,M14,12831,Diptera,hoverfly,Phyllodoce breweri,Y,"ML, 5:30 sitting trial cut short for rain, 139 Phyllodoce flowers, 0.5x0.5 m, 3m from transect",Oestridae (Diptera)
Y2A,YOSE,2657,absent,21-Jun-18,1,walking,10:07,NA,NA,,NA,NA,NA,no interactions observed,
Y2A,YOSE,2657,absent,21-Jun-18,2,walking,11:55,M1,12570,Hymenoptera,bee,Phyllodoce breweri,Y,,
Y2A,YOSE,2657,absent,21-Jun-18,3,walking,13:32,NA,NA,,NA,NA,NA,no intercations observed,
Y2A,YOSE,2657,absent,21-Jun-18,4,sitting,14:27,1,12822,Hymenoptera,bee,Phyllodoce breweri,Y,"Michellle and Maggie; Ledum 120 flowers, Phyllodoce 225 flowers, 3x4.5 m area, at end of transect",
Y2A,YOSE,2657,absent,21-Jun-18,4,sitting,14:30,2,12587,Hymenoptera,bee,Phyllodoce breweri,Y,"Michellle and Maggie; Ledum 120 flowers, Phyllodoce 225 flowers, 3x4.5 m area, at end of transect",
Y2A,YOSE,2657,absent,21-Jun-18,4,sitting,14:36,3,NA,Hymenoptera,two longer bees,Ledum glandulosum,N,2 long bees mating on flower --> not collected,
Y2A,YOSE,2657,absent,21-Jun-18,4,sitting,14:39,5,12771,Hymenoptera,long bee,Ledum glandulosum,Y,"Michellle and Maggie; Ledum 120 flowers, Phyllodoce 225 flowers, 3x4.5 m area, at end of transect",
Y2A,YOSE,2657,absent,21-Jun-18,4,sitting,14:46,6,12720,Hymenoptera,bee,Phyllodoce breweri,Y,"Michellle and Maggie; Ledum 120 flowers, Phyllodoce 225 flowers, 3x4.5 m area, at end of transect",
Y2A,YOSE,2657,absent,21-Jun-18,5,sitting,15:08,7,12705,Hymenoptera,bee,Ledum glandulosum,Y,"Michellle and Maggie; Ledum 120 flowers, Phyllodoce 225 flowers, 3x4.5 m area, at end of transect",
Y2A,YOSE,2657,absent,21-Jun-18,6,sitting,17:47,NA,NA,,NA,NA,NA,"15 minute trial, no interactions observed, ML and AvW",
Y2A,YOSE,2657,absent,21-Jun-18,NA,sitting,17:45,NA,NA,,NA,NA,NA,JS sitting; 2mX2m; 180 Phyllodoce breweri flowers,
Y2P,YOSE,2767,present,23-Jun-18,1,walking,9:08,1,12633,Hymenoptera,bee,Phyllodoce breweri,Y,ML walking transect,
Y2P,YOSE,2767,present,23-Jun-18,1,walking,9:19,2,12746,Hymenoptera,bee,Phyllodoce breweri,Y,ML walking transect,
Y2P,YOSE,2767,present,23-Jun-18,1,walking,9:27,NA,NA,,NA,NA,NA,"ML, 3 other interactions observed and uncaught, ID unclear, bumble bee observed not caught",
Y2P,YOSE,2767,present,23-Jun-18,2,sitting,9:36,3,12740,Hymenoptera,bee,Phyllodoce  breweri,Y,"ML, 189 P. breweri flowers 1mx1m",
Y2P,YOSE,2767,present,23-Jun-18,2,sitting,9:40,4,12681,Hymenoptera,bee,Phyllodoce  breweri,Y,"ML, 189 P. breweri flowers 1mx1m",
Y2P,YOSE,2767,present,23-Jun-18,2,sitting,9:42,5,NA,Hymenoptera,bee,Phyllodoce  breweri,N,"ML, 189 P. breweri flowers 1mx1m",
Y2P,YOSE,2767,present,23-Jun-18,2,sitting,9:47,6,12724,Diptera,fly,Phyllodoce  breweri,Y,"ML, 189 P. breweri flowers 1mx1m",
Y2P,YOSE,2767,present,23-Jun-18,2,sitting,9:53,7,12579,Hymenoptera,bee,Phyllodoce  breweri,Y,"ML, 189 P. breweri flowers 1mx1m",
Y2P,YOSE,2767,present,23-Jun-18,2,sitting,9:54,8,NA,Hymenoptera,small bumble,Phyllodoce  breweri,N,"ML, 189 P. breweri flowers 1mx1m",
Y2P,YOSE,2767,present,23-Jun-18,3,sitting,10:01,9,12790,Diptera,fly,Phyllodoce breweri,Y,"ML, 189 P. breweri flowers 1mx1m",
Y2P,YOSE,2767,present,23-Jun-18,4,walking,13:22,10,12644,Hymenoptera, bee,Phyllodoce breweri,Y,ML,
Y2P,YOSE,2767,present,23-Jun-18,4,walking,13:27,11,NA,Hymenoptera,bumble bee,Phyllodoce breweri,N,"ML, turned around at 4:45",
Y2P,YOSE,2767,present,23-Jun-18,5,walking,15:04,12,12764,Diptera,fly,Phyllodoce breweri,Y,ML,
Y2P,YOSE,2767,present,23-Jun-18,5,walking,15:06,13,12581,Diptera,fly,Phyllodoce breweri,Y,ML,
Y2P,YOSE,2767,present,23-Jun-18,5,walking,15:11,14,NA,Hymenoptera,long bee,Ledum glandulosum,N,ML,
Y2P,YOSE,2767,present,23-Jun-18,6,sitting,16:19,NA,NA,,NA,NA,NA,"ML, no visit 189 flowers, 1m1m",
Y2P,YOSE,2767,present,23-Jun-18,7,walking,18:20,NA,NA,,NA,NA,NA,"ML, no visits ",
Y2P,YOSE,2767,present,23-Jun-18,8,sitting,NA,NA,NA,,NA,NA,NA,"AV, no visits, 0.5mx0.5m P. breweri",
Y2P,YOSE,2767,present,23-Jun-18,9,sitting,9:57,A1,12593,Diptera,fly,Phyllodoce breweri,Y,"AV, 97 flowers P. breweri 1mx1m",
Y2P,YOSE,2767,present,23-Jun-18,9,sitting,10:05,A2,12526,Diptera,fly,Phyllodoce breweri,Y,"AV, 97 flowers P. breweri 1mx1m",
Y2P,YOSE,2767,present,23-Jun-18,10,sitting ,14:21,A3,12704,Diptera,fly,Phyllodoce breweri,Y,"AV, 0.5mx0.5m 51 flowers P.breweri",Acroceridae (Diptera)
Y2P,YOSE,2767,present,23-Jun-18,11,sitting,14:39,A4,12671,Diptera,fly,Phyllodoce breweri,Y,"AV, 98 P. breweri flowers, 0.5x1m",
Y2P,YOSE,2767,present,23-Jun-18,11,sitting,14:42,A5,12645,Hymenoptera,bee,Phyllodoce breweri,Y,"AV, 98 P. breweri flowers, 0.5x1m",
Y2P,YOSE,2767,present,23-Jun-18,11,sitting,14:46,A6,12508,Diptera,fly,Phyllodoce breweri,Y,"AV, 98 P. breweri flowers, 0.5x1m",Acroceridae (Diptera) same as 12704
Y2P,YOSE,2767,present,23-Jun-18,12,sitting,15:04,NA,NA,,NA,NA,NA,"AV, 109 P.breweri flowers 1mx1m",
Y2P,YOSE,2767,present,22-Jun-18,1,sitting,13:21,M1,12710,Hymenoptera,bee,Phyllodoce breweri,Y,ML sitting; 2mX2m; 147 Phyllodoce breweri flower; 22 minutes active search time; saw bumble bee and 2 species of butterfly pollinating other mountain heather,
Y2P,YOSE,2767,present,22-Jun-18,1,sitting,13:30,M2,12630,Hymenoptera,bee,Phyllodoce breweri,Y,ML sitting; 2mX2m; 147 Phyllodoce breweri flower; 22 minutes active search time; saw bumble bee and 2 species of butterfly pollinating other mountain heather,
Y2P,YOSE,2767,present,22-Jun-18,1,sitting,13:32,M3,NA,Hymenoptera,blue metallic bee,Phyllodoce breweri,N,ML sitting; 2mX2m; 147 Phyllodoce breweri flower; 22 minutes active search time; saw bumble bee and 2 species of butterfly pollinating other mountain heather,
Y2P,YOSE,2767,present,22-Jun-18,1,sitting,13:38,M4,12602,Diptera,fly,Phyllodoce breweri,Y,ML sitting; 2mX2m; 147 Phyllodoce breweri flower; 22 minutes active search time; saw bumble bee and 2 species of butterfly pollinating other mountain heather,
Y2P,YOSE,2767,present,22-Jun-18,1,sitting,13:41,M5,12656,Hymenoptera,long bee,Phyllodoce breweri,Y,ML sitting; 2mX2m; 147 Phyllodoce breweri flower; 22 minutes active search time; saw bumble bee and 2 species of butterfly pollinating other mountain heather,
Y2P,YOSE,2767,present,22-Jun-18,2,sitting,14:21,M6,NA,Diptera,hoverfly,Ledum glandulosum,N,ML sitting; opposite side of lake; 2mX2m; 111 Ledum glandulosum flowers; 15 minutes active,
Y2P,YOSE,2767,present,22-Jun-18,3,sitting,16:47,MandA1,12594,Diptera,fly,Phyllodoce breweri,Y,"MK and AvW sitting; 2mX2m; 147 Phyllodoce breweri flower, 2 in same net - one collected",
Y2P,YOSE,2767,present,23-Jun-18,4,sitting,NA,MK1,12682,Diptera,fly,Phyllodoce breweri,Y,MK sitting; 1mX1m; 189 Phyllodoce breweri flowers,
Y2P,YOSE,2767,present,23-Jun-18,5,walking,11:14,JS1,12638,,NA,Ledum glandulosum,Y,JS walking; turned around at 9:11 of 10 minutes,
Y2P,YOSE,2767,present,23-Jun-18,5,walking,11:18,JS2,12573,,NA,Ledum glandulosum,Y,JS walking; turned around at 9:11 of 10 minutes,Crabronidae
Y2P,YOSE,2767,present,23-Jun-18,6,sitting,11:41,JS3,NA,Hymenoptera,bee,Ledum glandulosum,N,JS sitting; 2mX2m; 19 Ledum glandulosum flowers,
Y2P,YOSE,2767,present,23-Jun-18,7,walking,16:29,JS4,12765,,NA,Phyllodoce breweri,Y,JS walking; turned around at 8:11 of 10 minutes,
Y3A,YOSE,2767,present,1-Jul-18,1,walking,9:22,J1,12769,Hymenoptera,bee,Erigeron glacialis,Y,JS walking transect,Colletidae
Y3A,YOSE,2767,present,1-Jul-18,1,walking,9:29,NA,NA,Hymenoptera,small bee?,Spiraea densiflora,N,JS walking transect,
Y3A,YOSE,2767,present,1-Jul-18,1,walking,9:31,NA,NA,Hymenoptera,small bee?,Spiraea densiflora,N,JS walking transect,
Y3A,YOSE,2767,present,1-Jul-18,1,walking,9:34,NA,NA,Hymenoptera,medium bee,Erigeron glacialis,N,JS walking transect,
Y3A,YOSE,2767,present,1-Jul-18,1,walking,9:40,J2,12637,Hymenoptera,medium bee,Erigeron glacialis,Y,JS walking transectTotal 10 min active time,
Y3A,YOSE,2767,present,1-Jul-18,2,walking,11:28,J3,12695,Hymenoptera,small bee,Erigeron glacialis,Y,"turned around 9:07 on stopwatch, 10 min total active time",
Y3A,YOSE,2767,present,1-Jul-18,3,walking,13:04,,,Hymenoptera,small bee?,Erigeron glacialis,N,JS walking transect,
Y3A,YOSE,2767,present,1-Jul-18,3,walking,13:07,,,Hymenoptera,small bee,Erigeron glacialis,N,JS walking transect,
Y3A,YOSE,2767,present,1-Jul-18,3,walking,13:10,J4,12555,Hymenoptera,small bee,Erigeron glacialis,Y,JS walking transect,Megachilidae
Y3A,YOSE,2767,present,1-Jul-18,3,walking,13:16,J5,12743,Hymenoptera,small bee,Erigeron glacialis,Y,JS walking transect,Megachilidae
Y3A,YOSE,2767,present,1-Jul-18,3,walking,13:19,,,,?,Erigeron glacialis,N,JS walking transect,
Y3A,YOSE,2767,present,1-Jul-18,3,walking,13:22,,,,?,Coruns sericea,N,JS walking transect,
Y3A,YOSE,2767,present,1-Jul-18,3,walking,13:25,J6,12781,Hymenoptera,small bee,Drymocallis glandulosa,Y,JS walking transect,
Y3A,YOSE,2767,present,1-Jul-18,3,walking,13:35,J7,12662,Hymenoptera,small bee,Solidago multiradiata,Y,Total 10 min active time,
Y3A,YOSE,2767,present,1-Jul-18,4,walking,15:44,,,Hymenoptera,medium bee,Lilium parvum,N,JS walking transect,
Y3A,YOSE,2767,present,1-Jul-18,4,walking,15:49,,,Hymenoptera,medium bee,Erigeron glacialis,N,JS walking transect,
Y3A,YOSE,2767,present,1-Jul-18,4,walking,15:49,,,Hymenoptera,medium bee,Erigeron glacialis,N,Total 10 min active time,
Y3A,YOSE,2767,present,2-Jul-18,1,walking,9:15,J8,12575,Hymenoptera,small bee ,Drymocallis glandulosa,Y,JS walking transect,
Y3A,YOSE,2767,present,2-Jul-18,1,walking,9:26,,,Hymenoptera,small bee,Eriogonum nudum,N,JS walking transect,
Y3A,YOSE,2767,present,2-Jul-18,1,walking,9:30,J9,12523,Hymenoptera,small bee,Solidago multiradiata,Y,Total 10 min active time,
Y3A,YOSE,2767,present,2-Jul-18,2,walking,11:03,,,Hymenoptera,small bee,Erigeron glacialis,N,JS walking transect,
Y3A,YOSE,2767,present,2-Jul-18,2,walking,11:06,J10,12536,Coleoptera,beetle,Drymocallis glandulosa,Y,JS walking transect,
Y3A,YOSE,2767,present,2-Jul-18,2,walking,11:07,,,Hymenoptera,small bee,Erigeron glacialis,N,JS walking transect,
Y3A,YOSE,2767,present,2-Jul-18,2,walking,11:08,J11,12616,Hymenoptera,small bee,Erigeron glacialis,Y,JS walking transect,Megachilidae
Y3A,YOSE,2767,present,2-Jul-18,2,walking,11:12,J12,12690,Hymenoptera,small bee,Erigeron glacialis,Y,JS walking transect,
Y3A,YOSE,2767,present,2-Jul-18,2,walking,11:20,,,Hymenoptera,small bee,Erigeron glacialis,N,JS walking transect,
Y3A,YOSE,2767,present,2-Jul-18,2,walking,11:20,,,Hymenoptera,small bee,Erigeron glacialis,N,JS walking transect,
Y3A,YOSE,2767,present,2-Jul-18,2,walking,11:27,J13,12599,Hymenoptera,small bee,Drymocallis glandulosa,Y,JS walking transect,
Y3A,YOSE,2767,present,2-Jul-18,2,walking,11:27,J14,12584,Hymenoptera,small bee,Drymocallis glandulosa,Y,"Turned around at 9:30 on stopwatch, Total 10 min active ",
Y3A,YOSE,2767,present,2-Jul-18,3,walking,13:09,,,Hymenoptera,small bee,Erigeron glacialis,N,JS walking transect,
Y3A,YOSE,2767,present,2-Jul-18,3,walking,13:13,J15,12567,Hymenoptera,small bee,Erigeron glacialis,Y,JS walking transect,
Y3A,YOSE,2767,present,2-Jul-18,3,walking,13:16,,,Hymenoptera,small bee,Spiraea densiflora,N,JS walking transect,
Y3A,YOSE,2767,present,2-Jul-18,3,walking,13:20,J16,12522,Hymenoptera,small bee,Drymocallis glandulosa,Y,JS walking transect,
Y3A,YOSE,2767,present,2-Jul-18,3,walking,13:22,,,Hymenoptera,small bee,Drymocallis glandulosa,N,JS walking transect,
Y3A,YOSE,2767,present,2-Jul-18,3,walking,13:24,,,Hymenoptera,small bee,Erigeron glacialis,N,JS walking transect,
Y3A,YOSE,2767,present,2-Jul-18,3,walking,13:25,J17,12806,Hymenoptera,large bee,Dodecatheon subalpinium,Y,JS walking transect,Apidae
Y3A,YOSE,2767,present,2-Jul-18,3,walking,13:33,J18,12651,Coleoptera,red/black beetle,Solidago multiradiata,Y,Total 10 min active time,
Y3A,YOSE,2767,present,2-Jul-18,4,walking,15:06,J19,12543,Hymenoptera,red bee,Erigeron glacialis,Y,JS walking transect,Crabronidae
Y3A,YOSE,2767,present,2-Jul-18,4,walking,15:08,J20,12829,Coleoptera,small beetle,Erigeron glacialis,Y,JS walking transect,
Y3A,YOSE,2767,present,2-Jul-18,4,walking,15:11,,,Hymenoptera,small bee,Spiraea densiflora,N,JS walking transect,
Y3A,YOSE,2767,present,2-Jul-18,4,walking,15:13,,,Hymenoptera,small bee,Erigeron glacialis,N,JS walking transect,
Y3A,YOSE,2767,present,2-Jul-18,4,walking,15:17,J21,12497,Hymenoptera,small bee,Erigeron glacialis,Y,"Turned around at 9:30 on stopwatch, Total 10 min active ",
Y3P,YOSE,2158,present,1-Jul-18,1,walking,12:30,1,12685,Hymenoptera,bee,Spiraea densiflora,Y,ML walking 2 collected,
Y3P,YOSE,2158,present,1-Jul-18,1,walking,12:30,2,12545,Hymenoptera,bee,Spiraea densiflora,Y,ML walking,
Y3P,YOSE,2158,present,1-Jul-18,1,walking,12:30,3,12533,Hymenoptera,bee,Spiraea densiflora,Y,ML walking,
Y3P,YOSE,2158,present,1-Jul-18,1,walking,12:36,4,12634,Coleoptera,beetle,Spiraea densiflora,Y,"4 collected, ML walking",
Y3P,YOSE,2158,present,1-Jul-18,1,walking,12:39,5,12552,Hymenoptera,bee,Spiraea densiflora,Y,"2 collected, ML walking",
Y3P,YOSE,2158,present,1-Jul-18,1,walking,12:40,6,12623,Hymenoptera,bee,Spiraea densiflora,Y,ML walking,
Y3P,YOSE,2158,present,1-Jul-18,1,walking,12:44,7,12546,Hymenoptera,bee,Spiraea densiflora,Y,ML walking,
Y3P,YOSE,2158,present,1-Jul-18,1,walking,12:46,8,12773,Hymenoptera,bee,Spiraea densiflora,Y,ML walking,
Y3P,YOSE,2158,present,1-Jul-18,2,walking,15:18,9,12617,Diptera,flies,Spiraea densiflora,Y,multiple collected by ML,
Y3P,YOSE,2158,present,1-Jul-18,2,walking,15:21,10,12650,Diptera,flies,Spiraea densiflora,Y,multiple collected by ML,
Y3P,YOSE,2158,present,1-Jul-18,2,walking,15:23,11,12833,Diptera,flies,Spiraea densiflora,Y,multiple collected by ML,
Y3P,YOSE,2158,present,1-Jul-18,2,walking,15:25,12,12760,Diptera,flies,Spiraea densiflora,Y,multiple collected by ML,
Y3P,YOSE,2158,present,1-Jul-18,2,walking,15:36,13,12755,Coleoptera,beetles,Spiraea densiflora,Y,multiple collected by ML,
Y3P,YOSE,2158,present,1-Jul-18,2,walking,15:39,14,12513,Coleoptera,beetles,Spiraea densiflora,Y,multiple collected by ML,
Y3P,YOSE,2158,present,2-Jul-18,1,walking,10:09,M1,NA,Hymenoptera,large bee,Spiraea densiflora,N,ML walking transect,
Y3P,YOSE,2158,present,2-Jul-18,1,walking,10:14,M2,12572,Coleoptera,beetles,Spiraea densiflora,Y,ML walking transect,
Y3P,YOSE,2158,present,2-Jul-18,1,walking,10:18,M3,12821,Coleoptera,beetle,Spiraea densiflora,Y,ML walking transect,
Y3P,YOSE,2158,present,2-Jul-18,1,walking,10:23,M4,12596,Hymenoptera,bee,Spiraea densiflora,Y,ML walking transect,
Y3P,YOSE,2158,present,2-Jul-18,2,walking,12:14,M5,12824,Hymenoptera,bee,Spiraea densiflora,Y,ML walking transect,
Y3P,YOSE,2158,present,2-Jul-18,2,walking,12:23,M6,12749,Hymenoptera,bee,Spiraea densiflora,Y,ML walking transect,
Y3P,YOSE,2158,present,2-Jul-18,2,walking,12:25,M7,12669,Hymenoptera,bee,Spiraea densiflora,Y,ML walking transect,
Y3P,YOSE,2158,present,2-Jul-18,2,walking,12:28,M8,12590,Hymenoptera,bee,Spiraea densiflora,Y,ML walking transect,
Y3P,YOSE,2158,present,2-Jul-18,2,walking,12:31,M9,12489,Coleoptera,beetles,Spiraea densiflora,Y,ML walking transect,
Y3P,YOSE,2158,present,2-Jul-18,2,walking,12:34,M10,12504,Hymenoptera,bee,Spiraea densiflora,Y,ML walking transect,
Y3P,YOSE,2158,present,2-Jul-18,2,walking,12:36,M11,12800,Hymenoptera,bee,Spiraea densiflora,Y,ML walking transect,
Y3P,YOSE,2158,present,2-Jul-18,2,walking,12:38,M12,NA,Hymenoptera,bee,Spiraea densiflora,N,ML walking transect,
Y3P,YOSE,2158,present,2-Jul-18,2,walking,12:41,M13,12601,Coleoptera,beetle,Spiraea densiflora,Y,ML walking transect,
Y3P,YOSE,2158,present,2-Jul-18,2,walking,12:44,M14,12830,Hymenoptera,bee,Spiraea densiflora,Y,ML walking transect,
Y3P,YOSE,2158,present,2-Jul-18,2,walking,12:46,M15,12585,Hymenoptera,bee,Spiraea densiflora,Y,ML walking transect,
Y3P,YOSE,2158,present,2-Jul-18,2,walking,12:48,M16,12485,Hymenoptera,bee,Spiraea densiflora,Y,ML walking transect,
Y3P,YOSE,2158,present,2-Jul-18,3,walking,14:28,M17,12515,Coleoptera,beetle,Spiraea densiflora,Y,ML walking transect,
Y3P,YOSE,2158,present,2-Jul-18,3,walking,14:30,M18,12580,Coleoptera,beetle,Spiraea densiflora,Y,ML walking transect,
Y3P,YOSE,2158,present,2-Jul-18,3,walking,14:32,M19,NA,Hymenoptera,small bee,Spiraea densiflora,N,ML walking transect,
Y3P,YOSE,2158,present,2-Jul-18,3,walking,14:34,M20,12719,Coleoptera,beetle,Spiraea densiflora,Y,ML walking transect,
Y3P,YOSE,2158,present,2-Jul-18,3,walking,14:40,M21,12501,Hymenoptera,2 bees,Spiraea densiflora,Y,ML walking transect,
Y3P,YOSE,2158,present,2-Jul-18,3,walking,14:44,M22,12582,Hymenoptera,bee,Spiraea densiflora,Y,ML walking transect,
Y3P,YOSE,2158,present,2-Jul-18,4,walking,16:15,M23,12672,Diptera,small fly,Spiraea densiflora,Y,ML walking transect,
Y3P,YOSE,2158,present,2-Jul-18,4,walking,16:17,M24,12676,Coleoptera,3 beetles,Spiraea densiflora,Y,ML walking transect,
Y3P,YOSE,2158,present,2-Jul-18,4,walking,16:19,M25,12492,Coleoptera,1 beetle,Spiraea densiflora,Y,ML walking transect,
Y3P,YOSE,2158,present,2-Jul-18,4,walking,16:20,M26,12701,Coleoptera,2 beetles,Spiraea densiflora,Y,ML walking transect,
Y3P,YOSE,2158,present,2-Jul-18,4,walking,16:20,M27,12780,Coleoptera,1 beetle,Spiraea densiflora,Y,ML walking transect,
Y3P,YOSE,2158,present,2-Jul-18,4,walking,16:21,M28,12667,Coleoptera,2 beetles,Spiraea densiflora,Y,ML walking transect,
Y3P,YOSE,2158,present,2-Jul-18,4,walking,16:22,M29,12688,Coleoptera,1 beetle,Spiraea densiflora,Y,ML walking transect,
Y3P,YOSE,2158,present,2-Jul-18,4,walking,16:22,M30,12670,Coleoptera,1 beetle,Spiraea densiflora,Y,ML walking transect,